{
    "Weights": [
        -1.3033963279381169,
        4.179509872234984,
        -3.1931755150879746,
        3.2143820742595266,
        2.4870123909035073
    ],
    "Epsilon": 0.05,
    "LeraningRate": 0.05,
    "DiscountFactor": 0.9
}