{
    "Weights": [
        -0.31790154992292746,
        0.6370459809099682,
        -0.7835548183751798,
        0.32365389904472086,
        0.19038264777408642
    ],
    "Epsilon": 0.05,
    "LeraningRate": 0.05,
    "DiscountFactor": 0.2
}