{
    "Weights": [
        -0.2485589203785965,
        0.8873865743590548,
        -0.4563558470590311,
        0.14562375496695518,
        0.3045070869743366
    ],
    "Epsilon": 0.2,
    "LeraningRate": 0.1,
    "DiscountFactor": 0.9
}