{
    "Weights": [
        0.09893155697507101,
        0.06025484910311628,
        0.03973798916170476,
        0.09130243090008736,
        0.05544582867713314
    ],
    "Epsilon": 0.19022202609315436,
    "LeraningRate": 0.002,
    "DiscountFactor": 0.9
}